,provincia_iso,2020-01-31,2020-02-01,2020-02-02,2020-02-03,2020-02-04,2020-02-05,2020-02-06,2020-02-07,2020-02-08,2020-02-09,2020-02-10,2020-02-11,2020-02-12,2020-02-13,2020-02-14,2020-02-15,2020-02-16,2020-02-17,2020-02-18,2020-02-19,2020-02-20,2020-02-21,2020-02-22,2020-02-23,2020-02-24,2020-02-25,2020-02-26,2020-02-27,2020-02-28,2020-02-29,2020-03-01,2020-03-02,2020-03-03,2020-03-04,2020-03-05,2020-03-06,2020-03-07,2020-03-08,2020-03-09,2020-03-10,2020-03-11,2020-03-12,2020-03-13,2020-03-14,2020-03-15,2020-03-16,2020-03-17,2020-03-18,2020-03-19,2020-03-20,2020-03-21,2020-03-22,2020-03-23,2020-03-24,2020-03-25,2020-03-26,2020-03-27,2020-03-28,2020-03-29,2020-03-30,2020-03-31,2020-04-01,2020-04-02,2020-04-03,2020-04-04,2020-04-05,2020-04-06,2020-04-07,2020-04-08,2020-04-09,2020-04-10,2020-04-11,2020-04-12,2020-04-13,2020-04-14,2020-04-15,2020-04-16,2020-04-17,2020-04-18,2020-04-19,2020-04-20,2020-04-21,2020-04-22,2020-04-23,2020-04-24,2020-04-25,2020-04-26,2020-04-27,2020-04-28,2020-04-29,2020-04-30,2020-05-01,2020-05-02,2020-05-03,2020-05-04,2020-05-05,2020-05-06,2020-05-07,2020-05-08,2020-05-09,2020-05-10,2020-05-11,2020-05-12,2020-05-13,2020-05-14,2020-05-15,2020-05-16,2020-05-17,2020-05-18,2020-05-19,2020-05-20,2020-05-21,2020-05-22,2020-05-23,2020-05-24,2020-05-25,2020-05-26,2020-05-27,2020-05-28,2020-05-29,2020-05-30,2020-05-31,2020-06-01,2020-06-02,2020-06-03,2020-06-04,2020-06-05,2020-06-06,2020-06-07,2020-06-08,2020-06-09,2020-06-10,2020-06-11,2020-06-12,2020-06-13,2020-06-14,2020-06-15,2020-06-16,2020-06-17,2020-06-18,2020-06-19,2020-06-20,2020-06-21,2020-06-22,2020-06-23,2020-06-24,2020-06-25,2020-06-26,2020-06-27,2020-06-28,2020-06-29,2020-06-30,2020-07-01,2020-07-02,2020-07-03,2020-07-04,2020-07-05,2020-07-06,2020-07-07,2020-07-08,2020-07-09,2020-07-10,2020-07-11,2020-07-12,2020-07-13,2020-07-14,2020-07-15,2020-07-16,2020-07-17,2020-07-18,2020-07-19,2020-07-20,2020-07-21,2020-07-22,2020-07-23,2020-07-24,2020-07-25,2020-07-26,2020-07-27,2020-07-28,2020-07-29,2020-07-30,2020-07-31,2020-08-01,2020-08-02
3900,A,0,0,0,1,1,2,1,0,0,0,2,0,0,2,2,1,1,1,2,2,3,2,1,2,8,2,3,4,9,10,18,21,14,17,26,30,22,48,67,120,120,137,181,183,214,234,209,194,208,239,166,163,166,121,135,117,119,100,60,73,77,75,58,63,37,28,39,28,39,39,35,27,10,30,29,38,43,26,73,16,29,92,84,109,127,38,16,18,49,63,62,38,49,23,18,13,4,9,8,3,3,7,8,4,10,2,5,2,3,4,6,3,8,1,0,1,7,3,1,2,0,0,4,1,1,1,1,1,1,2,2,0,0,3,0,0,2,1,2,2,1,1,3,1,1,1,2,1,0,2,2,3,5,5,1,0,3,3,4,9,6,4,6,6,14,12,22,16,35,26,22,30,43,38,31,33,43,49,53,40,60,34,31,38,25
3901,AB,0,0,0,0,0,0,0,0,0,0,0,0,0,0,0,0,0,0,0,0,1,0,0,0,0,1,0,2,2,4,10,9,9,13,10,14,25,28,31,43,64,91,133,113,187,147,143,153,147,166,141,130,145,141,106,148,101,80,91,102,93,75,88,50,112,89,77,71,137,144,53,32,42,74,52,35,30,33,35,52,41,69,50,32,36,26,53,69,53,23,42,7,8,22,5,2,0,0,1,4,0,0,1,4,3,5,3,0,2,2,7,3,3,1,4,7,5,6,2,9,5,1,5,5,3,6,5,1,0,1,1,0,0,1,3,1,0,1,1,0,2,2,0,0,1,1,6,4,0,4,2,2,2,1,4,1,0,0,1,0,1,2,1,0,2,2,3,6,3,3,1,2,3,5,1,6,5,3,2,5,6,3,6,4,3
3902,AL,0,0,0,0,0,0,0,0,0,0,0,0,0,0,0,0,0,0,0,0,0,0,0,0,0,1,0,0,0,0,0,0,0,2,1,2,1,3,9,8,12,11,16,11,20,24,12,14,22,30,32,17,23,29,16,12,19,20,26,9,14,16,16,10,5,6,4,6,5,6,5,6,5,5,32,7,3,4,7,9,6,25,9,10,7,1,0,3,5,7,9,11,6,3,4,1,0,2,0,0,2,0,0,0,0,0,1,0,0,0,0,0,1,1,1,2,2,3,1,2,2,0,2,0,3,1,4,0,0,0,1,1,0,0,0,0,1,1,0,1,1,0,1,1,1,1,5,0,0,1,4,5,3,4,9,8,3,2,5,16,9,30,24,19,11,54,13,13,11,32,57,57,19,22,49,38,43,22,37,31,38,72,57,43,83
3903,AV,0,0,0,0,0,0,0,0,0,0,1,0,0,0,0,0,0,0,0,0,0,0,0,2,0,1,0,1,1,0,5,1,0,2,4,4,3,6,17,21,23,24,65,63,28,46,78,75,95,71,79,63,55,56,89,45,64,69,28,52,22,55,49,39,37,31,40,24,63,58,65,34,23,32,35,16,21,15,15,9,13,6,12,16,8,18,6,2,15,11,5,4,9,7,5,1,1,0,4,0,0,1,1,4,2,1,1,0,9,0,0,1,3,4,5,4,5,4,2,2,12,3,4,2,2,2,6,1,1,2,1,1,0,3,2,0,2,2,0,0,1,3,2,2,4,1,1,2,2,0,0,1,1,0,1,1,0,0,0,0,1,1,0,1,0,0,1,0,0,0,1,1,1,0,1,1,0,0,1,1,1,0,1,1,0
3904,B,0,7,0,2,4,2,1,1,0,0,3,1,6,7,1,9,5,2,4,1,11,12,9,7,11,18,28,14,29,23,80,71,73,124,154,236,254,296,494,688,685,910,1189,1121,1195,1413,1339,1418,1346,1608,1192,1090,1230,1167,1140,1165,1006,1091,832,985,927,1050,870,974,813,701,651,577,830,848,845,931,512,481,601,582,563,464,373,217,294,154,262,217,214,132,123,110,122,117,163,125,119,119,91,50,36,47,55,39,55,87,87,111,109,158,72,61,131,164,132,159,234,83,90,151,152,113,159,132,63,28,40,62,71,84,108,42,33,73,72,89,80,80,20,20,46,53,60,59,54,43,28,58,76,32,79,103,32,43,89,78,150,111,129,94,118,177,206,224,238,353,208,221,434,399,538,518,659,398,369,704,682,716,781,778,433,367,730,764,788,719,828,362,174
3905,BA,0,0,0,0,0,0,0,0,1,0,0,0,0,0,0,1,0,0,0,0,0,0,0,0,0,2,1,1,2,2,0,1,0,1,0,4,2,2,10,17,17,30,21,22,20,33,33,32,42,57,36,53,56,37,30,38,22,15,13,20,5,38,32,32,29,18,21,6,13,17,18,16,11,29,29,15,18,15,28,7,18,24,23,25,24,11,4,8,5,16,12,16,14,1,9,12,9,14,12,7,1,4,12,16,12,12,5,3,2,4,4,6,7,3,1,1,6,4,0,4,2,1,1,1,3,2,0,0,0,0,0,0,0,0,1,0,3,2,0,1,0,1,1,0,1,1,0,0,4,3,2,7,7,2,3,3,5,2,15,5,21,45,18,11,8,3,5,7,5,2,2,5,10,5,3,3,3,4,7,11,12,15,18,9,15
3906,BI,0,0,0,0,0,0,0,0,0,1,0,0,1,0,0,2,1,0,0,0,1,1,3,0,2,3,2,6,8,7,20,14,17,18,26,22,21,43,59,99,104,122,222,192,222,340,308,285,281,327,252,226,271,227,237,200,262,180,144,190,172,170,158,205,150,165,185,174,180,136,126,95,105,87,80,81,94,122,92,35,58,67,50,59,86,39,40,27,41,33,25,30,35,21,16,16,23,20,22,16,9,17,12,19,11,11,8,4,12,3,6,8,4,6,3,5,5,1,4,0,3,0,4,7,7,6,7,6,16,9,8,7,8,7,5,5,7,7,6,8,9,0,2,1,1,2,1,5,3,2,2,2,4,4,4,2,4,6,4,16,12,9,12,26,23,33,43,40,50,80,49,67,62,90,65,58,85,45,74,58,134,83,130,112,96
3907,BU,0,0,0,0,0,1,0,0,0,0,0,0,0,0,0,0,0,0,0,0,1,0,2,1,0,1,3,1,5,5,7,11,9,9,14,16,16,17,26,38,47,39,56,61,67,76,80,79,76,95,70,61,70,54,69,53,41,45,40,38,33,53,57,54,44,26,56,34,76,136,67,87,32,121,63,56,46,39,17,30,15,29,43,28,14,19,19,11,23,40,28,27,20,14,3,3,1,5,4,0,1,5,4,3,4,8,4,0,6,3,4,9,4,0,1,4,2,4,5,2,6,1,6,4,3,5,2,2,2,4,3,2,0,0,1,2,0,1,1,2,1,1,0,0,1,1,3,1,0,0,1,0,0,0,0,1,1,1,1,3,0,1,2,0,1,1,0,7,2,7,2,8,3,7,10,7,5,10,11,9,4,24,55,12,21
3908,C,0,0,0,1,1,0,0,0,0,0,0,0,0,0,0,0,0,0,0,0,1,0,1,0,0,0,2,4,3,0,2,7,9,6,7,15,16,17,36,53,52,75,94,91,110,162,143,137,117,186,113,114,134,114,127,97,141,115,92,119,49,115,88,89,54,68,108,78,57,71,44,32,30,77,66,161,66,65,42,24,47,46,53,62,36,13,12,23,38,63,60,60,71,41,22,31,21,18,16,10,5,4,7,5,4,4,2,2,4,5,6,10,0,5,4,2,1,0,1,1,0,1,1,0,0,0,2,0,1,2,1,0,1,1,0,0,1,0,2,0,0,5,0,0,0,0,2,0,2,1,1,1,0,2,1,1,1,1,0,2,1,0,6,0,1,7,7,6,4,3,5,2,3,10,8,9,2,4,11,8,13,20,21,24,6
3909,CA,0,2,0,0,0,0,0,0,0,0,0,0,0,0,0,0,0,0,1,0,0,0,0,0,0,0,1,1,0,1,3,3,5,2,1,2,3,7,12,20,31,26,33,48,56,70,55,49,55,68,67,41,56,47,43,40,30,34,35,39,21,29,20,20,17,12,33,30,33,7,22,13,21,12,12,13,12,10,17,7,7,10,8,17,15,15,5,5,10,14,11,7,7,1,2,10,2,0,2,0,0,2,4,3,2,1,3,1,2,0,4,2,0,0,0,2,3,2,1,1,0,3,2,1,3,0,2,0,0,0,1,1,1,1,0,0,1,0,2,13,1,1,0,1,1,3,0,3,1,0,3,1,1,3,0,3,0,0,2,3,2,1,0,0,4,2,2,1,2,3,4,3,3,1,3,7,4,7,3,7,3,15,12,13,8
3910,CC,0,0,2,0,0,0,0,0,0,0,0,0,0,1,1,1,0,1,0,1,0,1,0,0,0,3,0,2,6,2,5,6,9,7,6,16,13,17,27,23,55,56,71,66,65,83,68,88,79,102,87,69,172,119,120,97,86,79,46,86,54,91,43,70,46,34,54,64,68,58,76,51,36,38,55,81,49,81,53,40,26,41,61,53,57,44,14,11,20,40,59,70,41,9,10,20,23,29,19,35,4,4,26,19,8,12,16,1,1,3,10,3,4,4,4,4,6,4,0,3,5,1,3,8,3,2,0,0,1,1,2,1,0,1,0,0,2,0,7,3,2,0,4,1,5,0,4,0,0,0,1,0,0,1,0,0,0,0,1,1,1,0,0,1,1,0,5,11,0,2,2,4,6,1,1,7,1,4,0,10,2,3,19,4,3
3911,CE,0,0,0,0,0,1,0,0,0,0,0,0,0,1,0,0,0,0,0,0,0,0,0,0,0,0,0,0,0,0,0,0,2,0,1,0,0,1,1,1,3,1,6,4,2,6,5,6,5,7,7,7,9,8,9,5,2,5,7,5,2,8,2,2,2,2,3,2,1,3,1,2,0,2,0,0,1,1,1,0,1,2,3,3,1,1,0,1,2,4,0,1,2,0,0,0,1,1,0,0,0,1,2,0,0,0,1,0,2,3,1,1,0,5,2,5,1,2,5,2,3,1,4,2,4,0,0,0,0,0,0,0,0,0,0,0,0,0,0,0,0,0,0,0,0,0,0,0,0,0,0,0,0,0,0,0,0,0,0,0,0,0,0,0,0,1,0,0,0,0,0,0,0,1,0,0,0,1,0,0,0,0,0,0,0
3912,CO,0,0,0,0,0,0,0,0,0,0,0,0,0,0,0,1,0,0,0,0,0,0,0,0,0,0,1,0,0,1,0,1,3,3,8,2,4,5,14,23,22,29,54,33,40,45,58,40,42,52,49,44,66,48,63,93,63,69,42,63,35,49,28,19,45,26,27,20,8,6,7,11,13,9,11,43,15,21,17,7,7,14,14,18,14,4,2,2,10,10,18,13,11,7,6,6,5,7,4,1,0,0,0,3,5,1,0,2,1,1,0,1,0,0,0,0,1,1,0,3,2,0,2,0,1,0,0,0,0,0,0,0,0,1,0,0,0,0,0,0,1,0,0,0,0,0,0,0,0,0,1,0,2,0,3,0,0,1,0,2,0,0,1,2,4,0,11,11,30,25,19,11,6,7,8,6,6,7,11,17,16,28,26,17,9
3913,CR,0,0,0,0,0,0,0,0,0,0,0,0,0,0,0,0,0,0,0,0,1,0,0,0,0,0,0,3,6,4,21,30,9,14,28,34,57,44,71,112,123,173,252,245,298,350,273,322,248,387,223,242,294,229,260,199,191,143,106,202,130,150,104,124,124,214,186,120,117,101,116,60,88,169,74,77,33,69,40,20,49,54,77,30,9,20,27,26,29,38,27,9,3,22,7,4,6,5,1,1,2,9,10,18,6,15,13,10,10,16,5,9,19,13,9,12,19,18,11,12,9,5,10,13,15,13,10,7,2,8,13,6,4,3,2,3,5,5,6,3,5,8,5,6,13,10,9,7,10,5,2,4,7,8,11,6,1,9,11,13,14,14,4,4,7,10,13,9,4,6,5,3,5,9,6,4,0,5,11,15,18,15,13,14,7
3914,CS,1,0,0,0,0,0,0,0,0,0,0,0,0,0,0,0,0,1,0,0,0,0,1,0,2,1,1,1,2,0,4,6,1,2,5,4,7,8,13,21,20,48,55,44,55,63,56,58,61,58,61,53,57,51,62,48,33,33,43,26,19,33,51,30,26,26,24,37,38,30,21,34,17,24,22,22,6,17,16,5,10,15,4,9,11,8,9,6,9,10,5,13,9,1,2,1,2,1,0,1,4,6,1,3,2,6,0,1,2,2,5,1,0,4,1,1,3,5,4,2,0,3,0,0,2,2,1,0,0,1,2,0,1,1,0,0,1,0,2,2,0,1,1,3,2,2,2,2,6,7,3,4,3,0,4,1,4,3,3,3,2,2,6,1,3,6,13,7,9,8,12,14,31,18,17,22,11,5,6,5,10,10,4,5,4
3915,CU,0,0,0,0,0,0,0,0,0,0,0,0,0,0,0,0,0,0,0,0,0,0,0,0,1,0,0,0,0,0,4,4,7,6,12,7,10,23,28,28,37,35,54,46,76,80,87,57,87,89,63,57,61,52,58,60,57,44,37,50,36,38,31,34,26,29,41,18,13,24,18,12,31,16,12,7,11,10,4,8,2,0,2,4,0,0,2,3,0,0,0,1,2,1,3,0,1,1,1,0,3,12,12,1,8,6,5,1,6,4,11,3,10,6,3,4,3,3,4,1,2,3,2,2,5,4,5,0,1,4,1,1,0,1,1,0,0,2,2,1,0,1,0,0,1,2,1,0,0,1,0,1,0,0,0,0,0,1,0,1,2,0,1,1,0,2,0,2,5,0,2,2,0,1,1,2,1,0,2,0,3,0,2,0,0
3916,GC,0,0,0,0,0,0,0,0,0,0,0,0,0,0,0,0,0,0,0,0,0,0,0,1,0,0,2,0,1,2,2,2,2,3,1,3,3,14,11,23,23,32,43,40,35,49,30,38,24,30,22,22,31,17,18,21,25,12,10,14,6,5,16,6,4,4,4,5,7,7,4,4,2,1,4,5,4,2,1,4,5,1,0,3,2,2,0,0,1,1,3,1,2,0,2,1,0,0,0,0,1,0,2,2,0,2,1,0,0,2,2,1,2,0,1,3,1,1,1,2,1,0,1,2,3,1,1,0,0,0,0,1,2,1,0,1,0,2,14,0,0,11,2,0,6,1,0,1,0,0,0,5,6,1,4,2,1,1,1,8,5,1,0,0,1,2,5,2,1,4,48,1,7,1,1,1,1,0,3,3,3,8,5,13,10
3917,GI,0,0,0,0,0,0,0,0,0,1,0,0,0,0,0,0,0,0,0,0,0,1,1,1,2,3,3,1,6,4,3,8,12,14,9,18,17,16,40,60,40,62,89,123,93,160,114,110,113,146,111,86,112,103,83,97,102,95,80,87,99,110,88,126,67,71,82,89,71,70,76,42,87,64,65,100,97,96,49,28,39,20,32,29,28,19,6,20,25,19,13,25,22,15,9,6,11,5,5,7,9,14,24,18,24,24,23,6,29,15,18,15,18,12,9,21,15,19,16,9,12,9,16,19,24,12,20,5,6,10,3,6,6,5,0,11,3,7,2,4,1,3,8,5,3,3,2,15,2,3,9,7,12,10,9,7,8,16,23,28,30,37,18,17,34,35,31,37,41,31,27,44,42,46,57,44,39,26,36,46,51,54,49,10,15
3918,GR,0,0,1,0,0,0,0,0,0,0,0,1,0,0,0,0,0,1,1,0,1,1,0,0,0,0,1,0,0,1,4,2,4,1,4,7,13,14,30,29,39,57,77,83,90,106,111,110,98,147,103,114,77,101,94,83,115,50,85,62,39,76,52,36,32,58,27,45,35,24,50,42,24,24,66,60,64,44,28,19,24,29,23,34,29,13,11,5,38,35,19,10,10,4,2,3,0,3,3,2,0,4,4,3,0,4,1,0,1,3,1,4,0,1,1,0,0,2,1,0,2,1,2,0,3,0,2,0,1,0,1,0,1,0,1,1,2,5,6,6,7,10,3,5,3,12,11,10,8,12,11,15,11,5,11,11,8,14,13,25,19,14,14,5,11,13,13,24,27,8,10,10,8,15,11,8,1,16,8,6,6,17,15,12,6
3919,GU,0,0,0,0,0,0,0,0,0,0,0,0,0,0,0,0,0,0,0,0,0,0,0,0,1,1,0,4,1,4,13,7,11,15,9,19,17,26,31,26,28,57,56,79,62,71,66,82,62,89,38,60,61,49,46,33,33,27,22,39,22,39,25,35,25,20,19,25,27,15,19,19,16,18,23,18,15,17,4,5,16,10,3,11,3,5,11,0,1,0,0,0,0,0,1,3,2,0,1,1,2,3,2,6,2,2,0,0,2,3,2,1,4,3,2,5,5,2,1,1,4,2,4,5,7,11,9,3,2,4,5,4,3,4,4,1,3,2,1,3,2,2,1,5,5,2,1,1,0,0,5,3,1,4,3,1,1,4,1,1,2,3,4,1,2,2,5,5,4,0,2,6,5,15,5,19,3,3,5,11,3,6,6,8,5
3920,H,0,0,0,0,1,0,0,0,0,0,0,0,0,0,0,0,0,0,0,0,0,0,0,0,1,0,0,0,0,0,1,1,2,0,1,3,3,1,3,2,10,9,16,11,13,21,13,22,18,28,18,14,14,9,16,13,14,17,10,11,21,12,8,6,11,2,5,12,4,4,6,7,0,4,6,10,7,2,0,2,3,2,4,8,11,2,0,1,4,9,6,1,1,0,9,8,4,1,0,0,0,3,0,0,0,0,0,0,1,0,0,1,0,0,0,0,0,0,0,0,0,1,3,0,0,0,0,0,0,0,0,0,0,0,0,0,0,0,0,1,0,0,0,1,0,9,0,0,0,0,0,0,0,0,0,0,1,1,0,0,0,1,1,0,1,0,0,0,1,0,1,4,2,2,1,1,4,0,3,7,1,3,9,2,1
3921,HU,0,0,0,0,0,0,1,0,0,0,0,0,0,0,0,0,0,0,0,0,0,0,0,0,0,0,1,0,0,1,2,2,1,0,0,1,1,2,1,9,6,8,16,11,14,23,19,18,24,30,16,13,31,34,17,30,26,26,40,11,17,18,12,15,15,8,19,19,10,8,11,8,9,8,3,5,6,10,1,10,6,65,9,3,9,15,3,9,55,11,4,4,5,2,11,10,14,6,3,3,3,3,6,11,10,7,6,3,2,5,4,3,3,3,2,2,1,6,2,1,0,3,3,7,0,3,2,0,2,1,4,1,2,2,2,1,6,2,2,8,16,11,28,47,20,43,26,12,26,8,13,22,19,13,17,13,10,25,26,19,21,38,76,38,55,57,118,108,131,115,99,49,132,120,48,40,37,29,22,38,74,33,43,75,15
3922,J,0,0,0,0,0,0,0,1,0,0,0,0,1,0,0,0,0,0,0,0,1,0,0,0,0,0,1,0,1,1,3,4,5,7,8,10,8,6,17,23,27,33,46,42,29,47,51,60,53,109,59,50,81,59,56,50,45,41,48,49,39,54,40,23,53,43,19,32,25,15,24,24,13,15,9,24,22,7,10,4,14,8,9,21,18,8,9,6,19,16,19,15,13,1,14,9,1,6,4,7,1,7,8,0,4,4,3,1,3,2,5,0,1,1,0,0,2,1,3,0,2,1,2,0,0,0,0,0,0,0,2,0,0,0,2,0,0,1,0,2,0,0,2,1,0,5,0,2,1,1,0,1,1,0,0,0,1,0,1,2,1,1,0,0,2,2,0,2,1,1,0,0,1,0,6,4,3,2,1,4,2,4,6,5,4
3923,L,0,0,0,0,0,0,0,0,0,0,0,1,0,2,0,0,0,0,0,0,0,0,0,0,0,0,0,0,0,0,3,3,2,6,4,8,9,13,21,27,10,28,42,36,42,64,47,100,87,73,95,72,86,48,45,56,70,61,58,50,36,54,53,41,42,36,50,39,39,59,44,37,35,21,27,39,16,25,11,9,15,13,9,17,13,19,6,4,7,6,4,6,9,2,12,7,3,7,6,4,10,9,19,13,14,18,16,16,27,26,15,21,12,20,28,37,18,16,23,27,12,11,25,21,20,22,37,15,11,26,10,21,17,21,15,8,28,17,32,37,36,37,35,53,40,53,60,81,81,57,73,90,123,108,119,126,111,152,168,207,200,203,136,137,162,128,197,171,200,238,136,235,175,190,127,128,88,89,94,136,99,87,89,57,34
3924,LE,0,0,0,0,0,0,0,0,0,0,0,0,0,1,0,0,0,0,1,1,1,2,0,0,2,0,1,2,1,2,3,7,4,1,8,5,8,7,25,11,27,40,65,59,57,79,71,95,144,147,78,103,129,68,95,58,94,77,75,57,26,54,51,71,65,34,90,52,40,103,171,154,90,117,54,45,28,36,6,48,101,43,69,29,108,21,5,36,38,27,23,27,32,10,4,1,5,9,2,5,2,3,6,11,8,2,7,0,6,4,4,12,2,2,0,5,3,7,3,10,3,1,2,2,2,0,5,1,0,6,4,0,2,3,1,0,3,1,2,1,0,0,0,1,1,0,2,2,1,0,2,0,1,2,4,0,0,4,1,1,0,2,0,0,0,2,4,2,1,2,3,3,3,0,4,2,0,0,3,2,2,1,3,2,0
3925,LO,0,0,0,1,0,0,0,0,0,0,0,0,0,0,0,0,0,0,0,0,0,1,0,1,2,2,4,9,10,13,22,30,28,25,27,45,39,41,60,88,71,74,107,138,111,157,122,143,168,191,133,108,158,118,133,114,129,100,87,117,108,108,100,79,55,36,41,52,45,44,40,25,22,29,24,16,29,25,17,14,9,6,15,13,4,5,4,4,10,5,2,1,2,2,2,0,0,1,1,0,1,4,3,5,4,3,2,0,5,5,4,4,2,2,0,4,0,1,1,2,1,0,3,1,2,1,2,2,1,0,1,0,1,0,2,1,0,1,0,1,0,1,0,0,1,1,0,0,0,1,1,0,0,0,0,0,1,0,3,5,1,10,3,2,4,6,2,9,11,7,0,5,17,9,6,11,1,1,4,7,2,1,6,0,3
3926,LU,0,0,0,0,0,0,0,0,0,0,0,0,0,0,0,0,1,0,0,0,0,0,0,0,0,0,0,2,1,0,2,1,1,1,0,2,3,6,8,16,13,21,27,24,27,39,27,19,26,41,32,17,50,32,39,36,31,22,32,19,19,21,14,19,4,8,7,4,9,24,1,1,2,4,4,5,1,2,13,2,6,13,15,17,16,8,1,3,6,7,5,5,2,0,3,3,4,2,3,0,0,1,0,0,1,0,0,0,0,1,0,1,1,0,0,2,0,0,1,0,0,0,0,0,0,1,0,0,0,1,0,0,1,1,0,0,1,0,1,0,1,0,3,0,4,5,6,4,6,9,7,20,10,21,29,16,10,13,34,18,13,6,6,1,2,3,3,3,4,1,3,1,3,6,3,9,6,0,0,0,1,2,1,4,2
3927,M,4,9,6,7,3,4,4,9,8,2,10,8,9,15,11,13,14,19,14,12,23,27,30,44,57,51,70,95,162,108,324,382,396,464,652,793,844,1054,1520,1990,1972,2345,2841,2565,2686,2966,2791,2652,2441,3112,1924,1658,2133,1994,1779,1552,1494,1257,873,1091,1076,1348,1004,933,716,635,625,748,681,641,709,575,500,382,497,504,597,389,467,265,281,477,458,369,238,131,124,184,230,213,173,193,166,71,95,57,49,64,87,60,91,159,175,116,131,109,70,75,127,117,96,86,84,83,48,139,122,67,99,110,62,66,125,98,126,88,104,55,42,111,79,90,56,128,21,46,105,54,65,78,63,51,33,38,52,35,53,57,26,23,42,63,43,38,58,26,33,48,44,65,64,65,45,45,87,109,110,94,147,110,100,173,243,231,189,311,278,284,506,689,404,315,458,810,360
3928,MA,0,0,0,1,0,0,1,1,0,0,1,0,0,1,1,2,0,1,0,1,4,3,2,2,2,8,3,6,4,4,17,15,18,15,26,41,32,41,48,74,84,99,151,115,123,162,155,141,144,203,109,98,105,104,107,86,55,54,54,42,31,54,50,37,61,80,22,76,104,45,63,37,17,21,52,36,37,39,47,13,8,42,49,41,67,7,6,9,37,41,21,27,34,8,9,30,8,5,1,3,1,3,4,4,1,1,1,1,3,2,1,0,2,3,0,4,0,2,1,4,5,3,4,3,2,3,3,3,1,1,2,3,1,1,1,2,1,1,2,2,1,4,4,6,8,64,6,2,4,12,1,4,1,2,1,3,3,2,7,6,5,11,7,6,10,18,16,20,15,12,15,20,19,18,18,27,24,22,35,27,39,21,49,44,21
3929,ME,0,0,0,0,0,0,0,0,0,0,0,0,0,0,0,0,0,0,0,0,0,0,0,0,0,0,0,0,0,0,0,0,0,0,1,1,3,1,2,5,4,3,10,4,3,6,3,6,6,4,3,5,5,1,4,6,5,4,5,3,3,5,3,4,3,1,0,2,0,0,1,0,1,1,0,0,0,0,0,0,2,0,1,0,1,1,0,0,0,1,1,0,0,0,0,0,0,0,0,0,0,0,0,0,0,0,0,0,1,0,0,0,0,0,0,0,0,0,0,0,0,0,1,0,0,0,0,0,0,0,1,0,0,0,0,0,1,0,0,0,0,0,2,0,0,0,0,0,0,0,0,0,0,0,0,0,0,0,0,0,0,0,0,2,0,0,0,0,0,0,0,0,0,0,0,0,0,4,1,1,0,3,0,5,0
3930,MU,0,0,0,0,0,2,0,0,0,0,1,0,0,0,1,0,0,3,1,1,0,0,1,1,2,3,1,1,3,3,5,8,6,11,14,13,20,19,34,65,74,62,104,108,97,130,103,122,120,122,83,79,128,78,84,47,52,40,35,41,30,28,30,26,22,29,15,10,40,27,12,12,11,7,7,9,2,6,5,4,2,7,8,12,6,3,6,1,16,10,25,8,17,4,2,2,2,2,1,1,1,2,3,5,2,0,1,1,2,2,0,1,1,2,0,0,0,4,2,1,1,0,4,2,2,2,1,3,0,2,2,1,0,0,1,3,2,1,2,2,3,3,4,3,5,7,5,6,6,3,10,3,5,1,2,6,7,7,10,15,4,7,15,11,13,17,29,23,29,19,25,34,46,54,44,50,61,42,55,68,71,47,39,35,32
3931,,0,0,0,0,1,0,0,0,0,0,1,0,0,0,0,0,0,0,0,0,1,2,1,1,3,4,5,5,3,5,13,15,18,22,28,26,49,51,97,109,130,182,211,177,262,274,267,250,233,328,206,194,242,278,242,167,161,140,96,245,151,233,144,138,88,101,149,118,118,112,106,84,90,87,100,78,61,86,65,46,63,30,53,56,62,39,12,23,32,50,57,72,70,23,20,5,9,2,7,4,5,12,2,9,19,11,4,21,6,9,4,3,6,12,2,5,4,11,9,5,7,3,1,3,6,7,6,1,2,0,5,4,1,1,1,2,4,12,3,6,9,4,15,18,8,10,6,5,7,2,1,3,6,4,7,5,0,12,12,8,31,21,34,24,39,50,42,50,72,78,52,99,118,66,65,55,81,78,48,39,57,47,67,71,61
3932,O,0,0,0,0,0,0,0,0,0,0,0,0,0,0,0,0,0,0,0,0,0,0,0,1,0,1,0,0,1,2,2,3,2,2,5,12,12,14,32,52,43,57,70,81,89,106,80,91,101,83,68,75,70,58,57,77,70,53,40,45,42,29,54,38,45,43,41,45,48,43,57,53,23,32,30,40,12,12,9,6,7,16,8,9,17,3,5,5,10,3,10,2,3,3,4,4,4,3,3,2,1,5,0,2,2,4,1,4,0,0,1,1,1,1,2,1,2,0,0,14,4,3,0,0,0,0,2,2,1,0,0,0,3,0,0,0,0,0,0,0,0,0,0,0,0,0,0,0,0,0,1,0,1,0,0,0,0,0,0,2,0,2,3,0,0,2,2,1,1,1,2,1,2,2,3,4,7,7,11,11,13,11,11,15,5
3933,OR,0,0,1,0,0,0,0,0,0,0,0,0,0,0,0,0,0,0,1,0,2,0,2,0,1,2,1,0,2,0,2,4,2,4,5,4,6,3,23,15,27,31,39,37,57,66,54,35,55,101,51,40,74,50,43,48,50,31,37,72,43,38,117,48,40,17,36,40,35,44,21,8,14,15,13,13,27,16,41,16,17,8,8,13,7,7,6,6,1,3,3,8,2,2,3,7,7,3,4,1,3,1,4,1,0,4,0,0,3,0,0,0,2,3,0,0,0,1,0,1,0,0,0,0,0,0,0,0,0,0,0,0,0,0,0,0,0,0,0,0,0,1,0,0,0,0,0,0,0,1,0,0,1,0,0,0,1,0,0,1,1,0,2,0,0,0,1,0,0,0,1,0,1,0,0,1,0,0,1,1,4,5,3,5,2
3934,P,0,0,0,0,1,0,0,0,0,0,0,0,0,0,0,0,0,0,0,0,0,0,0,0,0,1,0,0,0,0,5,0,2,0,2,0,3,2,0,4,11,11,9,16,31,27,30,27,44,53,38,34,35,36,30,39,41,29,26,28,32,32,31,31,20,24,13,18,33,30,29,24,9,23,33,46,22,13,22,15,14,25,10,5,6,13,4,4,7,2,12,6,12,4,7,0,1,2,4,1,2,3,2,13,4,4,1,1,3,8,4,1,4,0,0,4,3,0,3,3,5,1,2,0,1,1,0,1,0,5,2,0,2,1,1,0,3,0,4,0,0,0,1,0,2,1,1,0,2,2,0,0,0,1,0,0,0,1,0,1,0,0,0,0,0,3,0,0,0,1,0,0,0,2,1,2,1,0,4,3,3,3,3,0,2
3935,PM,0,0,0,0,0,0,0,0,0,0,2,0,0,0,1,0,0,0,0,0,1,0,0,0,0,0,1,4,4,2,4,6,7,5,12,10,7,14,17,36,42,42,61,71,85,88,82,81,105,97,62,91,82,66,84,73,40,36,37,66,48,84,35,47,25,30,26,19,23,11,21,15,15,15,10,9,14,11,14,10,18,11,8,5,10,11,0,3,5,3,5,10,3,4,1,4,4,2,4,0,7,8,7,10,7,16,0,5,5,12,6,5,3,2,1,3,4,3,13,5,1,2,4,7,3,6,1,2,3,2,1,3,4,6,2,4,3,4,4,5,8,3,1,1,5,3,1,9,5,5,9,3,4,3,4,3,3,4,1,4,6,8,7,4,7,11,13,7,6,7,4,15,13,13,21,24,22,44,31,45,45,63,48,38,29
3936,PO,0,0,0,0,0,1,0,0,0,0,0,0,0,0,0,0,0,0,0,1,0,0,0,0,0,1,0,1,0,1,1,7,4,3,7,3,8,12,15,34,39,54,81,88,76,122,103,118,96,142,80,79,125,99,79,119,84,168,37,72,56,66,47,53,36,25,33,32,49,20,14,25,20,14,16,20,14,15,11,15,19,31,58,32,65,8,7,25,35,40,28,35,9,2,47,92,28,27,20,8,2,5,5,3,2,0,1,0,0,1,0,1,0,0,1,1,1,0,0,3,0,0,0,0,1,1,2,1,1,1,0,1,0,0,0,1,1,1,1,0,0,1,0,0,1,0,0,0,1,0,0,1,2,0,1,0,0,4,0,2,1,1,2,1,4,3,5,5,1,4,6,5,5,3,5,12,7,3,3,2,2,5,9,5,4
3937,S,0,0,0,0,0,0,0,0,0,0,0,0,0,0,0,0,0,0,0,0,0,0,0,1,0,8,0,0,0,1,1,0,0,0,0,9,12,17,9,3,17,36,54,59,68,71,76,89,177,143,99,84,87,57,57,39,74,68,39,27,33,72,53,34,62,25,28,13,26,23,29,24,46,35,14,17,18,27,13,15,24,10,26,26,13,12,4,2,5,5,12,16,1,3,1,6,0,0,2,1,2,7,7,2,2,2,4,0,2,2,0,3,1,2,0,1,4,2,1,3,2,1,4,2,0,1,2,0,3,1,0,1,3,2,1,2,1,2,3,5,0,3,2,1,2,2,0,3,2,0,0,1,1,0,3,0,2,0,0,2,1,1,1,2,1,2,4,5,3,12,5,9,5,6,7,6,9,7,6,7,9,20,23,34,21
3938,SA,0,0,0,0,0,0,0,0,0,0,0,0,0,0,0,0,0,0,0,0,0,0,0,1,0,0,1,0,1,0,2,6,3,2,4,8,16,15,27,48,38,59,81,77,91,170,87,140,128,164,171,165,135,122,123,116,88,99,98,63,84,106,67,65,71,74,67,65,41,60,66,71,51,23,81,32,68,23,27,26,17,49,20,52,31,23,43,24,84,55,42,140,134,21,3,1,0,6,1,2,1,1,0,5,4,4,3,0,1,6,2,5,6,2,0,4,11,4,12,4,2,2,2,7,9,3,6,2,4,10,4,1,2,0,0,1,0,4,0,2,3,2,0,3,3,1,0,1,0,0,0,4,0,0,1,0,1,0,1,1,0,0,0,2,1,1,2,0,1,2,0,5,2,2,3,4,5,2,3,5,1,6,22,11,6
3939,SE,0,0,1,0,0,1,1,0,0,1,0,0,0,1,0,1,0,0,1,0,2,1,0,0,2,0,2,4,3,1,5,7,5,4,12,6,13,10,36,42,38,54,94,77,79,98,119,94,123,158,107,145,140,95,127,95,82,39,40,66,54,66,48,51,93,49,50,45,37,30,41,21,35,21,20,23,15,13,9,13,8,24,17,19,8,7,3,15,7,30,16,16,13,3,3,6,6,1,3,1,1,2,1,2,2,3,0,1,0,2,1,1,2,1,1,0,0,0,0,2,0,0,1,2,3,1,1,1,0,5,1,1,0,1,0,0,2,1,0,0,0,0,0,1,0,1,0,2,0,0,1,0,2,0,1,0,0,1,2,0,0,2,1,0,4,5,8,3,5,3,6,11,13,13,14,34,20,17,19,23,19,14,22,22,13
3940,SG,0,0,0,0,0,0,0,0,0,0,0,0,0,0,0,0,0,0,0,0,1,3,0,0,1,1,1,0,1,2,3,3,5,5,6,5,11,12,29,38,44,55,82,72,95,138,130,130,137,156,119,98,128,119,90,92,55,55,65,74,53,59,46,65,44,39,45,26,69,43,30,33,70,42,53,80,47,17,23,18,15,47,39,33,53,10,11,16,59,44,20,53,39,16,35,16,2,2,6,0,2,1,2,0,2,3,1,0,2,1,1,3,3,0,1,1,9,0,1,4,1,0,0,0,0,1,7,1,3,2,2,3,3,3,0,0,1,3,2,0,0,2,0,3,8,4,2,4,2,0,5,2,2,4,2,3,0,2,2,2,1,2,1,0,1,2,0,1,1,1,4,2,0,1,1,1,0,1,2,8,1,3,8,2,1
3941,SO,0,0,0,1,0,0,0,1,0,0,0,0,0,2,0,0,0,0,0,0,0,0,0,0,0,1,1,1,0,1,1,3,2,7,4,7,9,8,22,18,20,46,45,58,72,79,84,69,82,90,90,44,63,47,66,39,41,28,29,36,28,38,34,29,36,23,44,40,40,32,55,23,8,103,75,20,31,17,30,38,15,36,23,23,30,9,12,17,55,22,47,28,33,5,10,2,0,0,0,1,2,0,1,1,2,3,1,1,0,0,4,3,3,7,0,2,3,0,5,1,0,10,4,0,7,2,4,1,1,4,3,8,3,4,2,0,1,0,2,1,1,4,0,1,4,3,0,0,1,1,0,3,2,0,1,0,0,1,3,1,2,1,4,1,4,3,2,3,3,6,2,4,4,3,11,4,7,1,16,6,9,9,27,9,1
3942,SS,0,0,0,0,0,0,0,0,0,0,0,0,0,0,0,0,0,0,0,0,0,0,0,0,0,2,0,0,0,2,1,2,5,3,7,5,10,10,23,33,39,46,69,81,75,93,87,86,77,112,74,75,113,65,76,66,70,49,56,49,59,66,52,55,41,31,85,43,35,50,53,34,39,33,20,17,21,21,10,7,15,8,9,3,5,6,2,3,2,4,7,4,8,5,1,2,1,1,1,0,1,2,4,3,0,0,2,0,0,1,0,0,0,0,0,0,0,1,0,1,1,0,0,0,0,0,2,1,1,1,1,1,1,8,1,0,1,2,2,4,0,2,2,4,2,6,2,2,1,3,3,7,3,2,6,2,10,21,18,16,19,15,22,13,25,41,34,35,41,71,67,17,44,32,25,44,49,28,37,49,30,44,45,28,21
3943,T,0,1,2,0,0,0,0,1,0,0,0,0,0,0,0,0,0,0,0,0,1,1,1,0,1,0,0,0,0,0,1,0,3,4,7,7,14,6,13,21,23,29,41,39,37,65,61,52,60,66,49,55,70,86,51,68,75,79,64,77,65,64,48,67,45,36,31,35,50,71,43,46,30,30,31,29,34,22,16,11,14,9,15,10,15,2,3,9,5,8,6,7,3,2,3,1,1,4,2,5,6,5,2,9,1,4,6,3,2,0,6,10,1,0,0,4,2,2,5,4,1,2,4,4,4,6,1,2,3,0,1,2,1,0,0,1,0,0,0,1,0,1,0,0,1,0,0,1,1,1,5,5,4,7,6,9,6,13,13,11,17,14,14,21,21,20,21,25,29,23,27,29,29,35,38,30,35,23,36,27,49,31,40,26,18
3944,TE,0,0,0,0,0,0,0,0,0,0,0,0,0,0,0,0,0,0,0,0,0,1,0,0,0,0,1,0,0,1,0,1,0,0,1,1,4,5,5,8,6,10,10,12,11,21,20,10,22,24,13,21,19,14,26,23,24,14,17,22,15,22,15,16,10,16,23,13,12,11,4,6,2,6,4,2,3,1,2,1,4,2,2,1,0,0,4,2,3,1,2,0,0,0,0,2,1,1,0,0,0,0,0,2,9,4,1,1,6,6,1,4,2,4,0,4,4,0,2,0,1,1,1,0,0,1,2,0,1,1,0,1,0,0,0,1,1,1,0,0,2,0,1,0,0,3,0,1,0,0,0,4,4,0,4,0,0,7,8,2,2,5,4,11,5,13,20,40,13,12,37,25,36,30,26,20,13,44,36,71,26,45,15,7,12
3945,TF,0,0,1,0,1,0,0,0,0,0,0,0,1,0,1,0,2,0,1,1,1,0,0,1,0,2,5,1,7,4,5,9,6,11,15,21,15,19,34,29,35,41,66,57,54,83,62,79,53,87,63,51,66,46,37,40,46,24,32,37,22,46,18,11,24,13,9,21,7,19,8,10,6,11,8,10,11,6,8,11,11,6,7,2,8,2,2,3,3,3,1,8,3,0,1,1,0,1,1,2,0,2,2,3,2,1,4,1,3,6,2,4,1,1,1,1,2,1,4,6,1,1,2,3,1,0,1,4,1,1,1,0,0,1,2,0,1,0,0,0,1,0,0,0,0,0,0,0,0,0,0,0,0,0,0,2,0,0,1,0,2,1,1,2,4,1,3,1,3,5,5,1,4,6,7,3,8,4,5,3,1,1,6,9,2
3946,TO,0,0,0,0,0,0,0,0,0,0,0,0,0,0,0,0,0,0,0,0,0,0,0,0,2,2,5,0,1,3,18,12,12,12,18,25,32,40,46,81,71,97,133,121,148,158,176,173,197,202,155,171,192,171,191,144,124,116,114,128,129,156,116,97,89,98,93,128,71,55,92,32,46,50,72,42,38,16,14,21,34,14,17,11,7,1,2,6,9,8,5,4,3,2,5,2,1,8,3,4,5,7,6,11,11,11,6,1,9,8,4,3,7,10,1,7,6,11,17,8,6,1,4,3,7,4,5,3,7,11,2,9,0,7,2,5,3,11,3,2,2,1,0,1,4,3,5,1,4,3,4,3,7,2,5,3,1,4,1,3,6,6,2,3,5,6,7,3,9,4,2,12,7,12,9,10,15,12,16,9,16,11,22,18,18
3947,V,3,2,0,4,0,1,1,1,0,0,2,1,1,0,0,3,0,3,0,0,3,1,0,3,5,7,5,10,17,7,22,19,22,19,24,44,49,62,104,164,153,203,263,268,261,336,293,282,226,276,223,180,262,167,210,143,178,113,114,157,85,132,107,121,79,68,116,106,93,104,85,72,56,45,46,92,81,114,109,50,33,71,66,72,90,60,13,27,61,65,47,44,52,22,8,6,9,3,4,4,1,7,9,5,7,5,3,4,5,6,3,3,9,3,8,3,3,8,4,4,5,4,10,18,8,6,6,7,6,2,4,3,9,7,3,1,8,9,4,4,9,3,6,3,8,3,4,10,7,4,12,10,12,18,9,5,4,13,19,17,19,25,21,10,28,38,41,38,48,54,44,61,48,66,61,87,86,49,79,99,107,118,99,80,36
3948,VA,0,0,0,0,0,0,0,0,0,0,0,1,2,0,1,0,0,0,0,0,0,0,0,1,2,1,1,2,1,0,4,10,4,8,9,7,9,11,16,26,38,53,88,91,80,136,144,174,132,146,96,113,130,132,106,91,78,111,55,132,111,133,167,169,235,107,196,154,131,53,56,43,37,44,52,38,27,36,25,28,60,34,33,21,31,23,7,15,27,25,51,32,44,12,14,13,11,4,8,4,2,11,16,5,5,7,12,3,4,10,8,3,12,0,5,9,6,5,11,13,5,1,8,3,2,11,3,2,1,2,3,1,4,4,4,4,4,31,7,4,7,3,3,3,3,3,5,6,4,1,3,3,2,2,1,1,1,3,2,2,3,7,6,3,7,4,3,4,2,6,7,9,6,7,11,11,3,7,18,35,30,12,25,10,3
3949,VI,0,0,0,0,0,0,0,0,0,0,0,0,1,0,0,1,0,2,0,1,0,2,1,1,4,7,9,8,25,16,26,40,36,48,43,54,61,48,61,95,85,104,137,147,136,166,144,182,108,173,107,93,99,104,96,99,65,61,68,82,36,52,46,70,25,33,28,24,28,28,20,11,9,10,4,11,13,7,6,12,9,3,6,4,6,2,0,1,6,2,1,6,7,9,1,3,0,2,3,4,0,5,6,3,5,3,6,2,4,8,4,3,5,1,0,1,4,0,2,2,3,0,3,5,3,3,2,4,3,5,2,0,1,2,2,1,7,2,0,0,2,2,2,2,2,5,2,3,1,2,3,5,0,2,3,2,2,0,8,6,5,2,5,6,0,4,9,12,11,11,6,9,11,5,15,12,15,8,18,22,23,24,23,32,19
3950,Z,0,0,0,0,0,0,0,0,0,0,0,1,0,1,0,0,1,1,1,0,0,1,3,1,1,2,0,0,3,4,6,11,6,14,9,13,16,29,30,35,53,61,88,83,102,118,118,136,122,182,149,130,218,143,142,110,161,106,80,95,84,115,99,77,69,70,82,75,85,75,64,49,40,66,41,63,52,58,55,31,39,64,87,24,16,18,14,53,67,26,32,11,15,15,16,30,29,6,8,3,4,6,6,12,4,6,2,6,7,9,7,5,7,4,3,5,5,6,4,10,2,3,5,6,6,4,4,6,2,3,6,1,3,1,2,1,0,3,3,8,6,2,7,6,12,20,13,10,27,8,10,8,10,14,24,11,22,43,52,52,67,109,153,148,239,296,366,403,388,439,493,487,496,588,295,295,239,242,331,250,187,187,357,1066,283
3951,ZA,0,0,0,0,0,0,0,0,0,0,0,0,0,0,0,0,0,0,0,0,0,0,0,0,0,0,0,0,1,0,2,3,0,1,4,5,8,2,6,10,9,17,14,25,16,28,26,26,28,33,24,26,24,30,27,22,22,10,7,17,10,31,16,43,17,32,43,16,16,22,19,12,6,6,14,9,8,9,6,5,9,9,6,5,11,3,1,6,15,18,7,19,21,24,11,6,6,2,1,1,0,2,1,15,8,2,0,0,1,2,0,1,1,0,0,0,2,1,2,2,1,0,0,1,0,2,2,0,0,0,2,1,1,3,0,0,0,0,0,1,1,1,0,1,3,0,2,0,0,0,0,0,1,0,1,0,0,0,0,0,0,1,0,0,0,0,0,0,1,1,0,0,0,0,1,1,0,0,2,3,3,8,3,3,4
